id,timestamp
5,1586544600
23,1590180420
12,1590079680
37,1590431940
0,1586534700
58,1590691260
30,1590265020
35,1590424320
25,1590184500
56,1590614220
71,1590862620
53,1590599820
17,1590097680
13,1590081480
9,1586552700
6,1586546400
1,1586536500
7,1586548500
26,1590250620
36,1590430140
47,1590519180
36,1590430140
47,1590519180
36,1590430140
47,1590519180
36,1590430140
47,1590519180
36,1590430140
47,1590519180
36,1590430140
47,1590519180
46,1590517380
11,1590077220
46,1590517380
11,1590077220
46,1590517380
11,1590077220
46,1590517380
11,1590077220
46,1590517380
11,1590077220
46,1590517380
11,1590077220
22,1590176160
39,1590435540
64,1590781380
61,1590768780
20,1590167760
38,1590433740
22,1590176160
39,1590435540
64,1590781380
61,1590768780
20,1590167760
38,1590433740
